table_name,name,type
A_TblCase,idncase,Integer
A_TblCase,alien_city,String
A_TblCase,alien_state,String
A_TblCase,alien_zipcode,String
A_TblCase,updated_zipcode,String
A_TblCase,updated_city,String
A_TblCase,nat,String
A_TblCase,lang,String
A_TblCase,custody,String
A_TblCase,site_type,String
A_TblCase,e_28_date,Date
A_TblCase,atty_nbr,String
A_TblCase,case_type,String
A_TblCase,update_site,String
A_TblCase,latest_hearing,Date
A_TblCase,latest_time,String
A_TblCase,latest_cal_type,String
A_TblCase,up_bond_date,Date
A_TblCase,up_bond_rsn,String
A_TblCase,correctional_fac,String
A_TblCase,release_month,String
A_TblCase,release_year,String
A_TblCase,inmate_housing,String
A_TblCase,date_of_entry,Date
A_TblCase,c_asy_type,String
A_TblCase,c_birthdate,Date
A_TblCase,c_release_date,Date
A_TblCase,updated_state,String
A_TblCase,address_changedon,Date
A_TblCase,zbond_mrg_flag,String
A_TblCase,sex,String
A_TblCase,date_detained,Date
A_TblCase,date_released,Date
A_TblCase,lpr,Boolean
A_TblCase,detention_date,Date
A_TblCase,detention_location,String
A_TblCase,dco_location,String
A_TblCase,detention_facility_type,String
A_TblCase,casepriority_code,String
A_TblCaseIdentifier,idncaseid,Integer
A_TblCaseIdentifier,idncase,Integer
A_TblCaseIdentifier,case_id,String
B_TblProceedCharges,idnprcdchg,Integer
B_TblProceedCharges,idncase,Integer
B_TblProceedCharges,idnproceeding,Integer
B_TblProceedCharges,charge,String
B_TblProceedCharges,chg_status,String
B_TblProceeding,idnproceeding,Integer
B_TblProceeding,idncase,Integer
B_TblProceeding,osc_date,Date
B_TblProceeding,input_date,Date
B_TblProceeding,base_city_code,String
B_TblProceeding,hearing_loc_code,String
B_TblProceeding,ij_code,String
B_TblProceeding,trans_in_date,Date
B_TblProceeding,prev_hearing_loc,String
B_TblProceeding,prev_hearing_base,String
B_TblProceeding,prev_ij_code,String
B_TblProceeding,trans_nbr,String
B_TblProceeding,hearing_date,Date
B_TblProceeding,hearing_time,String
B_TblProceeding,dec_type,String
B_TblProceeding,dec_code,String
B_TblProceeding,deported_1,String
B_TblProceeding,deported_2,String
B_TblProceeding,other_comp,String
B_TblProceeding,appeal_rsvd,String
B_TblProceeding,appeal_not_filed,String
B_TblProceeding,comp_date,Date
B_TblProceeding,absentia,String
B_TblProceeding,venue_chg_granted,Date
B_TblProceeding,transfer_to,String
B_TblProceeding,date_appeal_due_status,Date
B_TblProceeding,transfer_status,String
B_TblProceeding,custody,String
B_TblProceeding,case_type,String
B_TblProceeding,nat,String
B_TblProceeding,lang,String
B_TblProceeding,scheduled_hear_loc,String
B_TblProceeding,correctional_fac,String
B_TblProceeding,crim_ind,String
B_TblProceeding,ihp,String
B_TblProceeding,aggravate_felon,Boolean
B_TblProceeding,date_detained,Date
B_TblProceeding,date_released,Date
D_TblAssociatedBond IDNASSOCBOND int,"no",Other
D_TblAssociatedBond IDNPROCEEDING int,"yes",Other
D_TblAssociatedBond IDNCASE int,"yes",Other
D_TblAssociatedBond OSC_DATE datetime,"yes",Other
D_TblAssociatedBond REC_TYPE varchar,"yes",Other
D_TblAssociatedBond GENERATION varchar,"yes",Other
D_TblAssociatedBond SUB_GENERATION varchar,"yes",Other
D_TblAssociatedBond UPDATE_DATE datetime,"yes",Other
D_TblAssociatedBond UPDATE_TIME varchar,"yes",Other
D_TblAssociatedBond INPUT_DATE datetime,"yes",Other
D_TblAssociatedBond INPUT_TIME varchar,"yes",Other
D_TblAssociatedBond REJ_TO_BE_REMOVED varchar,"yes",Other
D_TblAssociatedBond BASE_CITY_CODE varchar,"yes",Other
D_TblAssociatedBond BASE_CITY_NAME varchar,"yes",Other
D_TblAssociatedBond HEARING_LOC_CODE varchar,"yes",Other
D_TblAssociatedBond IJ_CODE varchar,"yes",Other
D_TblAssociatedBond IJ_NAME_TO_BE_REMOVED varchar,"yes",Other
D_TblAssociatedBond DEC varchar,"yes",Other
D_TblAssociatedBond COMP_DATE datetime,"yes",Other
D_TblAssociatedBond INITIAL_BOND varchar,"yes",Other
D_TblAssociatedBond REL_CON varchar,"yes",Other
D_TblAssociatedBond INS_TA varchar,"yes",Other
D_TblAssociatedBond BOND_HEARING_TELEPHONIC varchar,"yes",Other
D_TblAssociatedBond SEND_MSG_WU_TO_BE_REMOVED varchar,"yes",Other
D_TblAssociatedBond BOND_HEAR_REQ_DATE ,datetime,Other
D_TblAssociatedBond BOND_HEARING_DATE_TO_BE_REMOVED datetime,"yes",Other
D_TblAssociatedBond BOND_HEARING_TIME_TO_BE_REMOVED varchar,"yes",Other
D_TblAssociatedBond ADJ1_CAL_TYPE_TO_BE_REMOVED varchar,"yes",Other
D_TblAssociatedBond ADJ1_DATE_TO_BE_REMOVED datetime,"yes",Other
D_TblAssociatedBond ADJ1_TIME_TO_BE_REMOVED varchar,"yes",Other
D_TblAssociatedBond ADJ1_RSN_TO_BE_REMOVED varchar,"yes",Other
D_TblAssociatedBond ADJ1_TELEPHONIC_TO_BE_REMOVED varchar,"yes",Other
D_TblAssociatedBond ADJ1_MSG_TO_BE_REMOVED varchar,"yes",Other
D_TblAssociatedBond ADJ2_CAL_TYPE_TO_BE_REMOVED varchar,"yes",Other
D_TblAssociatedBond ADJ2_DATE_TO_BE_REMOVED datetime,"yes",Other
D_TblAssociatedBond ADJ2_TIME_TO_BE_REMOVED varchar,"yes",Other
D_TblAssociatedBond ADJ2_RSN_TO_BE_REMOVED varchar,"yes",Other
D_TblAssociatedBond ADJ2_TELEPHONIC_TO_BE_REMOVED varchar,"yes",Other
D_TblAssociatedBond ADJ2_MSG_TO_BE_REMOVED varchar,"yes",Other
D_TblAssociatedBond NEW_BOND varchar,"yes",Other
D_TblAssociatedBond APPEAL_REVD varchar,"yes",Other
D_TblAssociatedBond APPEAL_NOT_FILED varchar,"yes",Other
D_TblAssociatedBond DATE_APPEAL_DUE datetime,"yes",Other
D_TblAssociatedBond E_28_DATE datetime,"yes",Other
D_TblAssociatedBond SCHEDULED_HEAR_LOC_TO_BE_REMOVED varchar,"yes",Other
D_TblAssociatedBond BOND_TYPE varchar,"yes",Other
D_TblAssociatedBond FILING_METHOD varchar,"yes",Other
D_TblAssociatedBond FILING_PARTY varchar,"yes",Other
D_TblAssociatedBond DECISION_DUE_DATE datetime,"yes",Other
tbl_br_DeductCodes,deductcode,String
tbl_br_DeductCodes,deductdescription,String
tbl_br_DeductCodes,idnrepl,Integer
tbl_CasePriorityHistory,idncaseprihistory,Integer
tbl_CasePriorityHistory,casepriority_code,String
tbl_CasePriorityHistory,idncase,Integer
tbl_CasePriorityHistory,datcreatedon,Date
tbl_CasePriorityHistory,datmodifiedon,Date
tbl_Court_Appln,idnproceedingappln,Integer
tbl_Court_Appln,idnproceeding,Integer
tbl_Court_Appln,idncase,Integer
tbl_Court_Appln,appl_code,String
tbl_Court_Appln,appl_recd_date,Date
tbl_Court_Appln,appl_dec,String
tbl_Court_Motions,idnmotion,Integer
tbl_Court_Motions,idnproceeding,Integer
tbl_Court_Motions,idncase,Integer
tbl_Court_Motions,osc_date,Date
tbl_Court_Motions,rec_type,String
tbl_Court_Motions,generation,String
tbl_Court_Motions,sub_generation,String
tbl_Court_Motions,update_date,Date
tbl_Court_Motions,update_time,String
tbl_Court_Motions,input_date,Date
tbl_Court_Motions,input_time,String
tbl_Court_Motions,rej,String
tbl_Court_Motions,base_city_code,String
tbl_Court_Motions,hearing_loc_code,String
tbl_Court_Motions,ij_code,String
tbl_Court_Motions,ij_name,String
tbl_Court_Motions,dec,String
tbl_Court_Motions,comp_date,Date
tbl_Court_Motions,motion_recd_date,Date
tbl_Court_Motions,datmotiondue,Date
tbl_Court_Motions,wu_msg,String
tbl_Court_Motions,appeal_rsvd,String
tbl_Court_Motions,appeal_not_filed,String
tbl_Court_Motions,resp_due_date,Date
tbl_Court_Motions,stay_grant,String
tbl_Court_Motions,jurisdiction,String
tbl_Court_Motions,date_appeal_due,Date
tbl_Court_Motions,date_to_bia,Date
tbl_Court_Motions,decision_rendered,Date
tbl_Court_Motions,date_mailed_to_ij,Date
tbl_Court_Motions,date_recd_from_bia,Date
tbl_Court_Motions,date_to_bia_update,String
tbl_Court_Motions,strfilingparty,String
tbl_Court_Motions,strfilingmethod,String
tbl_Court_Motions,strcertofservicecode,String
tbl_Court_Motions,e_28_recptflag,Boolean
tbl_Court_Motions,e_28_date,Date
tbl_Court_Motions,o_clock_option,String
tbl_Court_Motions,scheduled_hear_loc,String
tbl_Court_Motions,blndeleted,Boolean
tbl_Court_Motions,strdjscenario,String
tbl_CustodyHistory,idncustody,Integer
tbl_CustodyHistory,idncase,Integer
tbl_CustodyHistory,custody,String
tbl_CustodyHistory,datdetained,Date
tbl_CustodyHistory,datreleased,Date
tbl_EOIR_Attorney,eoirattorneyid,Other
tbl_EOIR_Attorney,oldattorneyid,Integer
tbl_EOIR_Attorney,basecitycode,String
tbl_EOIR_Attorney,blnattorneyactive,Integer
tbl_EOIR_Attorney,source_flag,String
tbl_EOIR_Attorney,datcreatedon,Date
tbl_EOIR_Attorney,datmodifiedon,Date
tbl_JuvenileHistory,idnjuvenilehistory,Integer
tbl_JuvenileHistory,idncase,Integer
tbl_JuvenileHistory,idnproceeding,Integer
tbl_JuvenileHistory,idnjuvenile,Integer
tbl_JuvenileHistory,datcreatedon,Date
tbl_JuvenileHistory,datmodifiedon,Date
tbl_Lead_Rider,idnleadrider,Integer
tbl_Lead_Rider,idnleadcase,Integer
tbl_Lead_Rider,idnridercase,Integer
tbl_Lead_Rider,datcreatedon,Date
tbl_Lead_Rider,datmodifiedon,Date
tbl_Lead_Rider,datseveredon,Date
tbl_Lead_Rider,idnleadproceedingstart,Integer
tbl_Lead_Rider,idnleadproceedingend,Integer
tbl_Lead_Rider,idnriderproceedingstart,Integer
tbl_Lead_Rider,idnriderproceedingend,Integer
tbl_Lead_Rider,blnactive,Boolean
tbl_RepsAssigned,idnrepsassigned,Integer
tbl_RepsAssigned,idncase,Integer
tbl_RepsAssigned,strattylevel,String
tbl_RepsAssigned,strattytype,String
tbl_RepsAssigned,parent_table,String
tbl_RepsAssigned,parent_idn,Integer
tbl_RepsAssigned,base_city_code,String
tbl_RepsAssigned,ins_ta_date_assigned,Date
tbl_RepsAssigned,e_27_date,Date
tbl_RepsAssigned,e_28_date,Date
tbl_RepsAssigned,blnprimeatty,Boolean
tbl_schedule,idnschedule,Integer
tbl_schedule,idnproceeding,Integer
tbl_schedule,idncase,Integer
tbl_schedule,osc_date,Date
tbl_schedule,generation,String
tbl_schedule,sub_generation,String
tbl_schedule,rec_type,String
tbl_schedule,lang,String
tbl_schedule,hearing_loc_code,String
tbl_schedule,base_city_code,String
tbl_schedule,ij_code,String
tbl_schedule,interpreter_code,String
tbl_schedule,input_date,Date
tbl_schedule,input_time,String
tbl_schedule,update_date,Date
tbl_schedule,update_time,String
tbl_schedule,assignment_path,String
tbl_schedule,cal_type,String
tbl_schedule,adj_date,Date
tbl_schedule,adj_time_start,String
tbl_schedule,adj_time_stop,String
tbl_schedule,adj_rsn,String
tbl_schedule,adj_medium,String
tbl_schedule,adj_msg,String
tbl_schedule,adj_elap_days,String
tbl_schedule,lngsessnid,Integer
tbl_schedule,schedule_type,String
tbl_schedule,notice_code,String
tbl_schedule,blnclockoverride,Boolean
tbl_schedule,eoirattorneyid,Other
tblAction,idnaction,Integer
tblAction,idncase,Integer
tblAction,strcomponent,String
tblAction,systemfrom,String
tblAction,blndocketitem,Boolean
tblAction,dataction,Date
tblAction,strcategory,String
tblAction,strsubcategory,String
tblAction,strdescription,String
tblAction,basecity,String
tblAction,hloc,String
tblAction,blnassociateddoc,Boolean
tblAction,strdocument,String
tblAction,case_appeal_idn,Integer
tblAction,datcreatedon,Date
tblAction,datmodifiedon,Date
tblAction,blnactive,Boolean
tblAction,idnproceeding,Integer
tblAction,idnrecord,Integer
tblAdjournmentcodes,idnadjcode,Integer
tblAdjournmentcodes,strcode,String
tblAdjournmentcodes,strdesciption,String
tblAdjournmentcodes,regd_by,String
tblAdjournmentcodes,datcreatedon,Date
tblAdjournmentcodes,datmodifiedon,Date
tblAdjournmentcodes,blnactive,Boolean
tblAdjournmentcodes,asy_clk_stat,String
tblAppeal,idnappeal,Integer
tblAppeal,idncase,Integer
tblAppeal,idnproceeding,Integer
tblAppeal,strappealcategory,String
tblAppeal,strappealtype,String
tblAppeal,datappealfiled,Date
tblAppeal,strfiledby,String
tblAppeal,datattorneye27,Date
tblAppeal,datbiadecision,Date
tblAppeal,strbiadecision,String
tblAppeal,strbiadecisiontype,String
tblAppeal,strcasetype,String
tblAppeal,strlang,String
tblAppeal,strnat,String
tblAppeal,strproceedingihp,String
tblAppeal,strcustody,String
tblAppeal,strprobono,String
tblAppealFedCourts,idnappealfedcourts,Integer
tblAppealFedCourts,lngappealid,Integer
tblAppealFedCourts,datrequestedbyoil,Date
tblAppealFedCourts,datfedcourtdecision,Date
tblAppealFedCourts,strfedcourtdecision,String
tblBarCodeType,idnbarcodetype,Integer
tblBarCodeType,strbarcodetypeid,String
tblBarCodeType,strbarcodetypedescription,String
tblBarCodeType,blnactive,Boolean
tblBarCodeType,datcreatedon,Date
tblBarCodeType,datmodifiedon,Date
tblBarCodeType,lnggroupid,Integer
tblDecCode,idndeccode,Integer
tblDecCode,strcode,String
tblDecCode,strdescription,String
tblDecCode,datcreatedon,Date
tblDecCode,datmodifiedon,Date
tblDecCode,blnactive,Boolean
tblInmateHousing,idninmate,Integer
tblInmateHousing,strcity,String
tblInmateHousing,strcode,String
tblInmateHousing,strdescription,String
tblInmateHousing,datcreatedon,Date
tblInmateHousing,datmodifiedon,Date
tblInmateHousing,blnactive,Boolean
tblINSoffice,idninsoffice,Integer
tblINSoffice,strcode,String
tblINSoffice,strdescription,String
tblINSoffice,datcreatedon,Date
tblINSoffice,datmodifiedon,Date
tblINSoffice,blnactive,Boolean
tblLanguage,idnlang,Integer
tblLanguage,strcode,String
tblLanguage,strdescription,String
tblLanguage,datcreatedon,Date
tblLanguage,datmodifiedon,Date
tblLanguage,blnactive,Boolean
tblLookUp_Appln,idnappln,Integer
tblLookUp_Appln,strcode,String
tblLookUp_Appln,strdescription,String
tblLookUp_Appln,strallowedcasetypes,String
tblLookUp_Appln,stralloweddecisioncodes,String
tblLookUp_Appln,apl_casetype_1,String
tblLookUp_Appln,apl_casetype_2,String
tblLookUp_Appln,apl_casetype_3,String
tblLookUp_Appln,apl_casetype_4,String
tblLookUp_Appln,apl_casetype_5,String
tblLookUp_Appln,apl_casetype_6,String
tblLookUp_Appln,apl_casetype_7,String
tblLookUp_Appln,datcreatedon,Date
tblLookUp_Appln,datmodifiedon,Date
tblLookUp_Appln,blnactive,Boolean
tblLookup_BIACluster,idnlookupcluster,Integer
tblLookup_BIACluster,report_classification,String
tblLookup_BIACluster,region_name,String
tblLookup_BIACluster,cluster_name,String
tblLookup_BIACluster,cluster_subgroup,String
tblLookup_BIACluster,idnbasecity,Integer
tblLookup_BIACluster,sort_start,String
tblLookup_BIACluster,sort_end,String
tblLookup_CasePriority,idncasepriority,Integer
tblLookup_CasePriority,strcode,String
tblLookup_CasePriority,strdescription,String
tblLookup_CasePriority,strdays,Integer
tblLookup_CasePriority,datcreatedon,Date
tblLookup_CasePriority,datmodifiedon,Date
tblLookup_CasePriority,blnactive,Boolean
tblLookup_CasePriority,blnbypasscal,Boolean
tbllookup_Category,strcategory,String
tbllookup_Category,strdescription,String
tbllookup_Category,datcreatedon,Date
tbllookup_Category,datmodifiedon,Date
tbllookup_Category,blnactive,Boolean
tbllookup_Category,idncategory,Integer
tblLookup_INS_Clock_Entry_Status,idnclenst,Integer
tblLookup_INS_Clock_Entry_Status,ins_clock_entry_status_code,String
tblLookup_INS_Clock_Entry_Status,ins_clock_entry_status_desc,String
tblLookup_INS_Clock_Entry_Status,datcreatedon,Date
tblLookup_INS_Clock_Entry_Status,datmodifiedon,Date
tblLookup_INS_Clock_Entry_Status,blnactive,Boolean
tblLookup_Juvenile,idnjuvenile,Integer
tblLookup_Juvenile,strcode,String
tblLookup_Juvenile,strdescription,String
tblLookup_Juvenile,datcreatedon,Date
tblLookup_Juvenile,datmodifiedon,Date
tblLookup3MbrReferredReason,idnreason,Integer
tblLookup3MbrReferredReason,strreason,String
tblLookup3MbrReferredReason,blnactive,Boolean
tblLookup3MbrReferredReason,datcreatedon,Date
tblLookup3MbrReferredReason,datmodifiedon,Date
tblLookupAlienNat,idnnat,Integer
tblLookupAlienNat,strcode,String
tblLookupAlienNat,strdescription,String
tblLookupAlienNat,nacara,String
tblLookupAlienNat,blnactive,Boolean
tblLookupAlienNat,datcreatedon,Date
tblLookupAlienNat,datmodifiedon,Date
tblLookUpAllegationStmt,idnallegstmt,Integer
tblLookUpAllegationStmt,strcode,String
tblLookUpAllegationStmt,strdescription,String
tblLookUpAllegationStmt,datcreatedon,Date
tblLookUpAllegationStmt,datmodifiedon,Date
tblLookUpAllegationStmt,blnactive,Boolean
tblLookupAppealIssues,idnappealissues,Integer
tblLookupAppealIssues,strcode,String
tblLookupAppealIssues,strdescription,String
tblLookupAppealIssues,blnactive,Boolean
tblLookupAppealIssues,datcreatedon,Date
tblLookupAppealIssues,datmodifiedon,Date
tbllookupAppealType,idnappealtype,Integer
tbllookupAppealType,strapplcode,String
tbllookupAppealType,strappldescription,String
tbllookupAppealType,datcreatedon,Date
tbllookupAppealType,datmodifiedon,Date
tbllookupAppealType,blnactive,Boolean
tbllookupAppealType,blnddappeal,Boolean
tblLookupBaseCity,idnbasecity,Integer
tblLookupBaseCity,base_city_code,String
tblLookupBaseCity,base_city_name,String
tblLookupBaseCity,baseautomated,String
tblLookupBaseCity,base_st_address,String
tblLookupBaseCity,base_city,String
tblLookupBaseCity,base_state,String
tblLookupBaseCity,base_zip_1,String
tblLookupBaseCity,base_zip_2,String
tblLookupBaseCity,base_phone_no,String
tblLookupBaseCity,strregion,String
tblLookupBaseCity,baseeoir1flag,String
tblLookupBaseCity,baseeoir1code,String
tblLookupBaseCity,baseeoir1suba,String
tblLookupBaseCity,baseeoir1subb,String
tblLookupBaseCity,baseeoir1subc,String
tblLookupBaseCity,baseeoir1subd,String
tblLookupBaseCity,baseeoir1sube,String
tblLookupBaseCity,baseeoir1subf,String
tblLookupBaseCity,baseeoir2flag,String
tblLookupBaseCity,baseeoir2code,String
tblLookupBaseCity,baseeoir2suba,String
tblLookupBaseCity,baseeoir2subb,String
tblLookupBaseCity,baseeoir2subc,String
tblLookupBaseCity,baseeoir2subd,String
tblLookupBaseCity,baseeoir2sube,String
tblLookupBaseCity,baseeoir2subf,String
tblLookupBaseCity,baseeoir5flag,String
tblLookupBaseCity,baseeoir5code,String
tblLookupBaseCity,baseeoir5suba,String
tblLookupBaseCity,baseeoir5subb,String
tblLookupBaseCity,baseeoir5subc,String
tblLookupBaseCity,baseeoir5subd,String
tblLookupBaseCity,baseeoir5sube,String
tblLookupBaseCity,baseeoir5subf,String
tblLookupBaseCity,baseeoir6flag,String
tblLookupBaseCity,baseeoir6code,String
tblLookupBaseCity,baseeoir6suba,String
tblLookupBaseCity,baseeoir6subb,String
tblLookupBaseCity,baseeoir6subc,String
tblLookupBaseCity,baseeoir6subd,String
tblLookupBaseCity,baseeoir6sube,String
tblLookupBaseCity,baseeoir6subf,String
tblLookupBaseCity,baseeoir7flag,String
tblLookupBaseCity,baseeoir7code,String
tblLookupBaseCity,baseeoir7suba,String
tblLookupBaseCity,baseeoir7subb,String
tblLookupBaseCity,baseeoir7subc,String
tblLookupBaseCity,baseeoir7subd,String
tblLookupBaseCity,baseeoir7sube,String
tblLookupBaseCity,baseeoir7subf,String
tblLookupBaseCity,baseeoir34flag,String
tblLookupBaseCity,baseeoir34code,String
tblLookupBaseCity,baseeoir34suba,String
tblLookupBaseCity,baseeoir34subb,String
tblLookupBaseCity,baseeoir34subc,String
tblLookupBaseCity,baseeoir34subd,String
tblLookupBaseCity,baseeoir34sube,String
tblLookupBaseCity,baseeoir34subf,String
tblLookupBaseCity,baseeoir35flag,String
tblLookupBaseCity,baseeoir35code,String
tblLookupBaseCity,baseeoir35suba,String
tblLookupBaseCity,baseeoir35subb,String
tblLookupBaseCity,baseeoir35subc,String
tblLookupBaseCity,baseeoir35subd,String
tblLookupBaseCity,baseeoir35sube,String
tblLookupBaseCity,baseeoir35subf,String
tblLookupBaseCity,baseeoir36flag,String
tblLookupBaseCity,baseeoir36code,String
tblLookupBaseCity,baseeoir36suba,String
tblLookupBaseCity,baseeoir36subb,String
tblLookupBaseCity,baseeoir36subc,String
tblLookupBaseCity,baseeoir36subd,String
tblLookupBaseCity,baseeoir36sube,String
tblLookupBaseCity,baseeoir36subf,String
tblLookupBaseCity,baseeoir39flag,String
tblLookupBaseCity,baseeoir39code,String
tblLookupBaseCity,baseeoir39suba,String
tblLookupBaseCity,baseeoir39subb,String
tblLookupBaseCity,baseeoir39subc,String
tblLookupBaseCity,baseeoir39subd,String
tblLookupBaseCity,baseeoir39sube,String
tblLookupBaseCity,baseeoir39subf,String
tblLookupBaseCity,i122flag,String
tblLookupBaseCity,i122code,String
tblLookupBaseCity,i122suba,String
tblLookupBaseCity,i122subb,String
tblLookupBaseCity,i122subc,String
tblLookupBaseCity,i122subd,String
tblLookupBaseCity,i122sube,String
tblLookupBaseCity,i122subf,String
tblLookupBaseCity,ropdefault,String
tblLookupBaseCity,ropprtclass,String
tblLookupBaseCity,basesplprtclass,String
tblLookupBaseCity,datcreatedon,Date
tblLookupBaseCity,datmodifiedon,Date
tblLookupBaseCity,blnactive,Boolean
tblLookupBaseCity,blnbcis,Boolean
tblLookupBIA,idnbia,Integer
tblLookupBIA,strcode,String
tblLookupBIA,strgroup,String
tblLookupBIA,blnactive,Boolean
tblLookupBIA,datcreatedon,Date
tblLookupBIA,datmodifiedon,Date
tblLookupBIA,strteam,String
tblLookupBIA,strpanel,String
tblLookupBIA,blnslstatus,Boolean
tblLookupBIADecision,idnbiadec,Integer
tblLookupBIADecision,strcode,String
tblLookupBIADecision,strdescription,String
tblLookupBIADecision,blnactive,Boolean
tblLookupBIADecision,datcreatedon,Date
tblLookupBIADecision,datmodifiedon,Date
tblLookupBIADecisionType,idnbiadectype,Integer
tblLookupBIADecisionType,strcode,String
tblLookupBIADecisionType,strdescription,String
tblLookupBIADecisionType,blnactive,Boolean
tblLookupBIADecisionType,datcreatedon,Date
tblLookupBIADecisionType,datmodifiedon,Date
tblLookupBoardMotions,idnboardmotion,Integer
tblLookupBoardMotions,strboardmotioncode,String
tblLookupBoardMotions,strboardmotiondescription,String
tblLookupBoardMotions,datcreatedon,Date
tblLookupBoardMotions,datmodifiedon,Date
tblLookupBoardMotions,blnactive,Boolean
tblLookupBoardMotions,strhelp,String
tblLookupBoardMotions,stralloweddecisions,String
tblLookupBoardMotions,intmandatoryresponseduebydays,Integer
tblLookupBoardMotions,intmandatoryijdecisionbydays,Integer
tbllookupCal_Type,idncaltype,Integer
tbllookupCal_Type,strcaltypecode,String
tbllookupCal_Type,strcaltypedescription,String
tbllookupCal_Type,datcreatedon,Date
tbllookupCal_Type,datmodifiedon,Date
tbllookupCal_Type,blnactive,Boolean
tblLookupCallup_Reasons,idncaltypereason,Integer
tblLookupCallup_Reasons,strcode,String
tblLookupCallup_Reasons,strdesciption,String
tblLookupCallup_Reasons,regd_by,String
tblLookupCallup_Reasons,datcreatedon,Date
tblLookupCallup_Reasons,datmodifiedon,Date
tblLookupCallup_Reasons,blnactive,Boolean
tblLookUpCaseIdentifier,idncaseidentifier,Integer
tblLookUpCaseIdentifier,strcode,String
tblLookUpCaseIdentifier,strdescription,String
tblLookUpCaseIdentifier,datcreatedon,Date
tblLookUpCaseIdentifier,datmodifiedon,Date
tblLookUpCaseIdentifier,blnactive,Boolean
tblLookupCaseType,idncasetype,Integer
tblLookupCaseType,strcode,String
tblLookupCaseType,strdescription,String
tblLookupCaseType,blnactive,Boolean
tblLookupCaseType,datcreatedon,Date
tblLookupCaseType,datmodifiedon,Date
tblLookupCaseType,stransircode,String
tbllookupCharges,idncharges,Integer
tbllookupCharges,strcode,String
tbllookupCharges,strcodestring,String
tbllookupCharges,strcodedescription,String
tbllookupCharges,applicable_case_type1,String
tbllookupCharges,applicable_case_type2,String
tbllookupCharges,applicable_case_type3,String
tbllookupCharges,criminal_flag,Boolean
tbllookupCharges,aggravate_felon,Boolean
tbllookupCharges,datcreatedon,Date
tbllookupCharges,datmodifiedon,Date
tbllookupCharges,blnactive,Boolean
tblLookupClaimedIssue,idnclaimedissue,Integer
tblLookupClaimedIssue,strcode,String
tblLookupClaimedIssue,strdescription,String
tblLookupClaimedIssue,blnactive,Boolean
tblLookupClaimedIssue,datcreatedon,Date
tblLookupClaimedIssue,datmodifiedon,Date
tblLookupCommentTypeBoard,idncommbrd,Integer
tblLookupCommentTypeBoard,strcode,String
tblLookupCommentTypeBoard,strdescription,String
tblLookupCommentTypeBoard,datcreatedon,Date
tblLookupCommentTypeBoard,datmodifiedon,Date
tblLookupCommentTypeBoard,blnactive,Boolean
tblLookupComponents,idncomp,Integer
tblLookupComponents,strcompcode,String
tblLookupComponents,strcompdescription,String
tblLookupComponents,datcreatedon,Date
tblLookupComponents,datmodifiedon,Date
tblLookupComponents,blnactive,Boolean
tblLookupConsultedWith,idnconsultedwith,Integer
tblLookupConsultedWith,strcode,String
tblLookupConsultedWith,strdescription,String
tblLookupConsultedWith,blnactive,Boolean
tblLookupConsultedWith,datcreatedon,Date
tblLookupConsultedWith,datmodifiedon,Date
tblLookupContactChange,idncontactchange,Integer
tblLookupContactChange,strcontactchangecode,String
tblLookupContactChange,strcontactchangedesc,String
tblLookupContactChange,blnactive,Boolean
tblLookupContactChange,datcreatedon,Date
tblLookupContactChange,datmodifiedon,Date
tblLookupCountry,idncountry,Integer
tblLookupCountry,strcode,String
tblLookupCountry,strdescription,String
tblLookupCountry,blnactive,Boolean
tblLookupCountry,datcreatedon,Date
tblLookupCountry,datmodifiedon,Date
tblLookupCourtAppDecisions,idncourtapplndec,Integer
tblLookupCourtAppDecisions,strcourtapplndeccode,String
tblLookupCourtAppDecisions,strcourtapplndecdesc,String
tblLookupCourtAppDecisions,blnactive,Boolean
tblLookupCourtAppDecisions,datcreatedon,Date
tblLookupCourtAppDecisions,datmodifiedon,Date
tblLookupCourtAppDecisions,comments,String
tblLookupCourtDecision,idncourtdecision,Integer
tblLookupCourtDecision,strcasetype,String
tblLookupCourtDecision,strdeccode,String
tblLookupCourtDecision,strdecdescription,String
tblLookupCourtDecision,strdectype,String
tblLookupCourtDecision,strfinaldisposition,String
tblLookupCourtDecision,blnactive,Boolean
tblLookupCourtDecision,datcreatedon,Date
tblLookupCourtDecision,datmodifiedon,Date
tblLookupCustodyStatus,idncustodystatus,Integer
tblLookupCustodyStatus,strcode,String
tblLookupCustodyStatus,strselecboxval,String
tblLookupCustodyStatus,strdescription,String
tblLookupCustodyStatus,blnactive,Boolean
tblLookupCustodyStatus,datcreatedon,Date
tblLookupCustodyStatus,datmodifiedon,Date
tblLookUpDDDecisionTypes,idndddectype,Integer
tblLookUpDDDecisionTypes,strcode,String
tblLookUpDDDecisionTypes,strdescription,String
tblLookUpDDDecisionTypes,blnactive,Boolean
tblLookUpDDDecisionTypes,datcreatedon,Date
tblLookUpDDDecisionTypes,datmodifiedon,Date
tblLookUpDDDecisionTypes,strdecsription,String
tblLookUpDDDecisionTypes,strfinaldisp,String
tblLookupDistrictLocation,idndestloc,Integer
tblLookupDistrictLocation,strcode,String
tblLookupDistrictLocation,strdescription,String
tblLookupDistrictLocation,blnactive,Boolean
tblLookupDistrictLocation,datcreatedon,Date
tblLookupDistrictLocation,datmodifiedon,Date
tblLookupFedCourtDecision,idnfedcourt,Integer
tblLookupFedCourtDecision,strcode,String
tblLookupFedCourtDecision,strdescription,String
tblLookupFedCourtDecision,blnactive,Boolean
tblLookupFedCourtDecision,datcreatedon,Date
tblLookupFedCourtDecision,datmodifiedon,Date
tblLookupFedCourtRemandTo,idnfedcourtrem,Integer
tblLookupFedCourtRemandTo,strcode,String
tblLookupFedCourtRemandTo,strdescription,String
tblLookupFedCourtRemandTo,blnactive,Boolean
tblLookupFedCourtRemandTo,datcreatedon,Date
tblLookupFedCourtRemandTo,datmodifiedon,Date
tblLookupFeeStatus,idnfee,Integer
tblLookupFeeStatus,strcode,String
tblLookupFeeStatus,strdescription,String
tblLookupFeeStatus,blnactive,Boolean
tblLookupFeeStatus,datcreatedon,Date
tblLookupFeeStatus,datmodifiedon,Date
tblLookupFeeType,idnfeetype,Integer
tblLookupFeeType,strcode,String
tblLookupFeeType,strdescription,String
tblLookupFeeType,curamount,Other
tblLookupFeeType,blnactive,Boolean
tblLookupFeeType,datcreatedon,Date
tblLookupFeeType,datmodifiedon,Date
tblLookupFiledBy,idnfiled,Integer
tblLookupFiledBy,strcode,String
tblLookupFiledBy,strdescription,String
tblLookupFiledBy,blnactive,Boolean
tblLookupFiledBy,datcreatedon,Date
tblLookupFiledBy,datmodifiedon,Date
tblLookupFiling_Method,idnfilingmethod,Integer
tblLookupFiling_Method,strfilingmethodcode,String
tblLookupFiling_Method,strfilingmethoddesc,String
tblLookupFiling_Method,datcreatedon,Date
tblLookupFiling_Method,datmodifiedon,Date
tblLookupFiling_Method,blnactive,Boolean
tblLookupFiling_Method_Party,idnfilingparty,Integer
tblLookupFiling_Method_Party,strfilingpartycode,String
tblLookupFiling_Method_Party,strfilingpartydesc,String
tblLookupFiling_Method_Party,datcreatedon,Date
tblLookupFiling_Method_Party,datmodifiedon,Date
tblLookupFiling_Method_Party,blnactive,Boolean
tblLookupFinalDisposition,idnfindisp,Integer
tblLookupFinalDisposition,strcode,String
tblLookupFinalDisposition,strdescription,String
tblLookupFinalDisposition,blnactive,Boolean
tblLookupFinalDisposition,datcreatedon,Date
tblLookupFinalDisposition,datmodifiedon,Date
tblLookupSex,idnsex,Integer
tblLookupSex,strcode,String
tblLookupSex,strdescription,String
tblLookupSex,datcreatedon,Date
tblLookupSex,datmodifiedon,Date
tblLookupSex,blnactive,Boolean
tblLookupHloc,idnhloc,Integer
tblLookupHloc,hearing_loc_code,String
tblLookupHloc,hearing_loc_name,String
tblLookupHloc,hearing_corr_title,String
tblLookupHloc,hearing_st_address,String
tblLookupHloc,hearing_city,String
tblLookupHloc,hearing_state,String
tblLookupHloc,hearing_zip,String
tblLookupHloc,hearing_phone_no,String
tblLookupHloc,hearing_base_city,String
tblLookupHloc,hear_admin_hear_loc,String
tblLookupHloc,hear_trans_cov_city,String
tblLookupHloc,hear_det_type,String
tblLookupHloc,hear_active_flg,String
tblLookupHloc,datcreatedon,Date
tblLookupHloc,datmodifiedon,Date
tblLookupHloc,blnactive,Boolean
tblLookupHloc,roploc,String
tblLookupHloc,intcaldetaindays,Integer
tblLookupHloc,intcalinsasypdays,Integer
tblLookupHloc,intcalinsasymdays,Integer
tblLookupHloc,intcalinsdays,Integer
tblLookupHloc,intcaleoirdays,Integer
tblLookupHloc,intcalcfrdays,Integer
tblLookupHloc,intcalcdrdays,Integer
tblLookupHloc,circuitcourt,Integer
tblLookupHloc,blnprnwksonadd,Boolean
tblLookupHloc,blnprnroponadd,Boolean
tblLookupHoldReason,strcode,String
tblLookupHoldReason,strdescription,String
tblLookupHoldReason,blnactive,Boolean
tblLookupHoldReason,datcreatedon,Date
tblLookupHoldReason,datmodifiedon,Date
tblLookupHoldReason,idnrepl,Integer
tblLookupHolidays,idnholiday,Integer
tblLookupHolidays,datholiday,Date
tblLookupHolidays,strholiday,String
tblLookupHolidays,holiday_day,String
tblLookupHolidays,blnactive,Boolean
tblLookupHolidays,datcreatedon,Date
tblLookupHolidays,datmodifiedon,Date
tblLookupInmate,id,Integer
tblLookupInmate,inmate_base,String
tblLookupInmate,inmate_code,String
tblLookupInmate,inmate_name,String
tblLookupInmate,inmate_address,String
tblLookupInmate,inmate_city,String
tblLookupInmate,inmate_st,String
tblLookupInmate,inmate_zip,String
tblLookupInmate,inmate_phone,String
tblLookupInmate,datcreatedon,Date
tblLookupInmate,datmodifiedon,Date
tblLookupInmate,blnactive,Boolean
tblLookUpINSAddress,idnlookupinsaddress,Integer
tblLookUpINSAddress,strcode,String
tblLookUpINSAddress,strname,String
tblLookUpINSAddress,straddress,String
tblLookUpINSAddress,strcity,String
tblLookUpINSAddress,strstate,String
tblLookUpINSAddress,strzip,String
tblLookUpINSAddress,datcreatedon,Date
tblLookUpINSAddress,datmodifiedon,Date
tblLookUpINSAddress,blnactive,Boolean
tblLookupINSLOC,id,Integer
tblLookupINSLOC,insloc_code,String
tblLookupINSLOC,insloc_info,String
tblLookupINSLOC,insloc_asy,String
tblLookupINSLOC,datcreatedon,Date
tblLookupINSLOC,datmodifiedon,Date
tblLookupINSLOC,blnactive,Boolean
tblLookupINSTA,id,Integer
tblLookupINSTA,insta_base,String
tblLookupINSTA,datcreatedon,Date
tblLookupINSTA,datmodifiedon,Date
tblLookupINSTA,blnactive,Boolean
tblLookupInTrPr,idnintrpr,Integer
tblLookupInTrPr,inhouse_flag,String
tblLookupInTrPr,intrcode,String
tblLookupInTrPr,base_city,String
tblLookupInTrPr,intrhloc,String
tblLookupInTrPr,datcreatedon,Date
tblLookupInTrPr,datmodifiedon,Date
tblLookupInTrPr,blnactive,Boolean
tblLookupInTrPrAgenda,idnintrpragenda,Integer
tblLookupInTrPrAgenda,intrcode,String
tblLookupInTrPrAgenda,base_city,String
tblLookupInTrPrAgenda,languageworkday,String
tblLookupInTrPrAgenda,languagecode,String
tblLookupInTrPrAgenda,intrhloc,String
tblLookupInTrPrAgenda,starttime,String
tblLookupInTrPrAgenda,endtime,String
tblLookupInTrPrAgenda,breakstarttime,String
tblLookupInTrPrAgenda,breakendtime,String
tblLookupInTrPrAgenda,datcreatedon,Date
tblLookupInTrPrAgenda,datmodifiedon,Date
tblLookupInTrPrAgenda,blnactive,Boolean
tblLookupIntrPrLang,idnintrprlang,Integer
tblLookupIntrPrLang,intrcode,String
tblLookupIntrPrLang,base_city,String
tblLookupIntrPrLang,languagecode,String
tblLookupIntrPrLang,datcreatedon,Date
tblLookupIntrPrLang,datmodifiedon,Date
tblLookupInTrPrLangGroup,idnintrlanggroup,Integer
tblLookupInTrPrLangGroup,languagecode,String
tblLookupInTrPrLangGroup,base_city,String
tblLookupInTrPrLangGroup,mastergroupflag,String
tblLookupInTrPrLangGroup,indivgroupflag,String
tblLookupInTrPrLangGroup,datcreatedon,Date
tblLookupInTrPrLangGroup,datmodifiedon,Date
tblLookupJudge,idnjudge,Integer
tblLookupJudge,judge_code,String
tblLookupJudge,judge_name,String
tblLookupJudge,judge_st_address,String
tblLookupJudge,judge_city,String
tblLookupJudge,judge_state,String
tblLookupJudge,judge_zip_1,String
tblLookupJudge,judge_zip_2,String
tblLookupJudge,judge_phone_no,String
tblLookupJudge,datcreatedon,Date
tblLookupJudge,datmodifiedon,Date
tblLookupJudge,blnactive,Boolean
tblLookupJudge,blnskippedonwheel,Boolean
tblLookupJudge,blnlastonwheel,Boolean
tblLookupJudge,blnskippedonwheelma,Boolean
tblLookupJudge,blnlastonwheelma,Boolean
tblLookupJudge,intorderma,Integer
tblLookupJudge,intordermm,Integer
tblLookupJudgeBaseCity,idnjudgecity,Integer
tblLookupJudgeBaseCity,base_city_code,String
tblLookupJudgeBaseCity,judge_code,String
tblLookupJudgeBaseCity,judge_name,String
tblLookupJudgeBaseCity,judge_st_address,String
tblLookupJudgeBaseCity,judge_city,String
tblLookupJudgeBaseCity,judge_state,String
tblLookupJudgeBaseCity,judge_zip,String
tblLookupJudgeBaseCity,judge_phone_no,String
tblLookupJudgeBaseCity,jubookfact,String
tblLookupJudgeBaseCity,judate,Date
tblLookupJudgeBaseCity,jutime,String
tblLookupJudgeBaseCity,juloc,String
tblLookupJudgeBaseCity,juloc2,String
tblLookupJudgeBaseCity,juloc3,String
tblLookupJudgeBaseCity,juloc4,String
tblLookupJudgeBaseCity,jucourtroom,String
tblLookupJudgeBaseCity,jucourtroom2,String
tblLookupJudgeBaseCity,jucourtroom3,String
tblLookupJudgeBaseCity,jucourtroom4,String
tblLookupJudgeBaseCity,juindate,Date
tblLookupJudgeBaseCity,juintime,String
tblLookupJudgeBaseCity,jumoddate,Date
tblLookupJudgeBaseCity,jumodtime,String
tblLookupJudgeBaseCity,datcreatedon,Date
tblLookupJudgeBaseCity,datmodifiedon,Date
tblLookupJudgeBaseCity,blnactive,Boolean
tblLookupMotionType,idnmotiontype,Integer
tblLookupMotionType,strmotioncode,String
tblLookupMotionType,strmotiontype,String
tblLookupMotionType,strmotiondesc,String
tblLookupMotionType,strmotionsummary,Other
tblLookupMotionType,strfilingpartycodes,String
tblLookupMotionType,strlegacycode,String
tblLookupMotionType,datcreatedon,Date
tblLookupMotionType,datmodifiedon,Date
tblLookupMotionType,blnactive,Boolean
tblLookupMotionType,blnfilepriortoijdecision,Boolean
tblLookupMotionType,blnfileafterijdecision,Boolean
tblLookupMotionType,intmandatoryijdecisionbydays,Integer
tblLookupMotionType,blnfeerequired,Boolean
tblLookupMotionType,blnfileorally,Boolean
tblLookupMotionType,blnhearingrequiredtofile,Boolean
tblLookupMotionType,blnadmincompletereq,Boolean
tblLookupMotionType,blnijgrantpriortohearing,Boolean
tblLookupMotionType,blncertservicereqd,Boolean
tblLookupMotionType,blnasylclockaffected,Boolean
tblLookupMotionType,blnasylclockaffectedstart,Boolean
tblLookupMotionType,intmandatoryresponseduebydaysdefault,Integer
tblLookupNationality,id,Integer
tblLookupNationality,nat_code,String
tblLookupNationality,nat_name,String
tblLookupNationality,nat_country_name,String
tblLookupNationality,nat_nacara_country,String
tblLookupNationality,datcreatedon,Date
tblLookupNationality,datmodifiedon,Date
tblLookupNationality,blnactive,Boolean
tblLookupNOTICE,idnnotord,Integer
tblLookupNOTICE,notice_code,String
tblLookupNOTICE,notice_disp,String
tblLookupNOTICE,datcreatedon,Date
tblLookupNOTICE,datmodifiedon,Date
tblLookupNOTICE,blnactive,Boolean
tblLookupNOTICE,strnoticeorder,String
tblLookupOAResponse,idnoaresp,Integer
tblLookupOAResponse,strcode,String
tblLookupOAResponse,strdescription,String
tblLookupOAResponse,blnactive,Boolean
tblLookupOAResponse,datcreatedon,Date
tblLookupOAResponse,datmodifiedon,Date
tblLookupOfficeLocation,idnoffloc,Integer
tblLookupOfficeLocation,strcode,String
tblLookupOfficeLocation,strdescription,String
tblLookupOfficeLocation,blnactive,Boolean
tblLookupOfficeLocation,datcreatedon,Date
tblLookupOfficeLocation,datmodifiedon,Date
tblLookupPriority,idnpriority,Integer
tblLookupPriority,strcode,String
tblLookupPriority,strdescription,String
tblLookupPriority,strdays,Integer
tblLookupPriority,blnactive,Boolean
tblLookupPriority,datcreatedon,Date
tblLookupPriority,datmodifiedon,Date
tblLookupRegion,idnregion,Integer
tblLookupRegion,strcode,String
tblLookupRegion,strdescription,String
tblLookupRegion,datcreatedon,Date
tblLookupRegion,datmodifiedon,Date
tblLookupRegion,blnactive,Boolean
tbllookupSchedule_Type,idnschtype,Integer
tbllookupSchedule_Type,strcode,String
tbllookupSchedule_Type,strdescription,String
tbllookupSchedule_Type,datcreatedon,Date
tbllookupSchedule_Type,datmodifiedon,Date
tbllookupSchedule_Type,strschedtype,String
tbllookupSchedule_Type,blnactive,Boolean
tbllookupSchedule_Type,blnsubsequent,Boolean
tblLookupService_Method,idncertificateofservicemeth,Integer
tblLookupService_Method,strcertificateofservicemethcode,String
tblLookupService_Method,strcertificateofservicemethdesc,String
tblLookupService_Method,datcreatedon,Date
tblLookupService_Method,datmodifiedon,Date
tblLookupService_Method,blnactive,Boolean
tblLookupSpecialIssue,idnspecissue,Integer
tblLookupSpecialIssue,strcode,String
tblLookupSpecialIssue,strdescription,String
tblLookupSpecialIssue,blnactive,Boolean
tblLookupSpecialIssue,datcreatedon,Date
tblLookupSpecialIssue,datmodifiedon,Date
tblLookupState,idnstate,Integer
tblLookupState,state_code,String
tblLookupState,state_name,String
tblLookupState,datcreatedon,Date
tblLookupState,datmodifiedon,Date
tblLookupState,blnactive,Boolean
tblLookupTranscribers,idntranscribers,Integer
tblLookupTranscribers,inttat,Integer
tblLookupTranscribers,curcostperpagetrans,Other
tblLookupTranscribers,blnactive,Boolean
tblLookupTranscribers,datcreatedon,Date
tblLookupTranscribers,datmodifiedon,Date
tblLookupTranscribers,curcostperpagedecision,Other
tblLookupTranscribers,curcostperpagereprint,Other
tblLookupTranscribers,curcostperpageretype,Other
tblLookupTranscribers,curcosttranspriority,Other
tblLookupTranscribers,curcostdecisionpriority,Other
tblLookupVote,idnvote,Integer
tblLookupVote,strcode,String
tblLookupVote,strdescription,String
tblLookupVote,blnactive,Boolean
tblLookupVote,datcreatedon,Date
tblLookupVote,datmodifiedon,Date
tblPanels,idnpanel,Integer
tblPanels,strcode,String
tblPanels,strdescription,String
tblPanels,blnactive,Boolean
tblPanels,datcreatedon,Date
tblPanels,datmodifiedon,Date
tblProBono,case_type,String
tblProBono,dec_212c,String
tblProBono,dec_245,String
tblProBono,nbr_of_chgs,String
tblProBono,other_dec1,String
tblProBono,other_dec2,String
tblProBono,p_eoir42a_dec,String
tblProBono,p_eoir42b_dec,String
tblProBono,vd_dec,String
tblProBono,wd_dec,String
tblProBono,strcorfacility,String
tblProBono,dattranscriptservedalien,Date
tblProBono,strproceedingihp,String
tblProBono,strfiledby,String
tblProBono,strnat,String
tblProBono,strlang,String
tblProBono,blnoarequestedbyalien,Boolean
tblProBono,blnoarequestedbyins,Boolean
tblProBono,blnoarequestedbyamicus,Boolean
tblProBono,charge_1,String
tblProBono,charge_2,String
tblProBono,charge_3,String
tblProBono,charge_4,String
tblProBono,charge_5,String
tblProBono,charge_6,String
tblProBono,recd_212c,String
tblProBono,recd_245,String
tblProBono,vd_recd,String
tblProBono,wd_recd,String
tblProBono,other_recd1,String
tblProBono,other_recd2,String
tblProBono,p_eoir42a_recd,String
tblProBono,p_eoir42b_recd,String
tblProBono,dec_code,String
tblProBono,other_comp,String
tblProBono,crim_ind,String
tblProBono,stra1,String
tblProBono,stra2,String
tblProBono,stra3,String
tblProBono,stralienregion,String
tblProBono,straliensex,String
tblProBono,strinsstatus,String
tblProBono,strpossibility,String
tblProBono,datropreview,Date
tblProBono,blnselectedbycoordinator,Boolean
tblProBono,blnselectedbyscreener,Boolean
tblProBono,optiona,Integer
tblProBono,dco_location,String
tblProBono,caseid,String
tblProBono,date_of_entry,Date
tblProBono,inmate_housing,String
tblProBono,datmailedtongo,Date
tblProBono,idnappeal,Integer
tblProBono,datbriefcurrentlyduealien,Date
tblProBono,idnrepl,Integer
tblProBono,blnintrpr,Boolean
tblProBono,strintrprlang,String
tblProBono,screeneridn,Integer
tblProBono,strdcaddress1,String
tblProBono,strdcaddress2,String
tblProBono,strdccity,String
tblProBono,strdcstate,String
tblProBono,strdczip,String
tblProBono,blnprocessed,Boolean
tblProBono,datcreatedon,Date
tblProBono,datmodifiedon,Date
tblProBono,strcustody,String
tblResponsibleParty,idnresponsibleparty,Integer
tblResponsibleParty,strresponsiblepartydescription,String
tblResponsibleParty,blnactive,Boolean
tblResponsibleParty,datcreatedon,Date
tblResponsibleParty,datmodifiedon,Date
tblResponsibleParty,lnglocationtypeid,Integer
tblTeams,idnteam,Integer
tblTeams,strcode,String
tblTeams,strdescription,String
tblTeams,blnactive,Boolean
tblTeams,datcreatedon,Date
tblTeams,datmodifiedon,Date
tblThreeMbrReferrals,idn3memberreferral,Integer
tblThreeMbrReferrals,lngappealid,Integer
tblThreeMbrReferrals,datreferredto3member,Date
tblThreeMbrReferrals,datremovedfromreferral,Date
tblTortureConvID,idntorconv,Integer
tblTortureConvID,strcode,String
tblTortureConvID,strdescription,String
tblTortureConvID,datcreatedon,Date
tblTortureConvID,datmodifiedon,Date
tblTortureConvID,blnactive,Boolean
